[
{
    "model": "sessions.session",
    "pk": "22si6d8qpggm3pxvakvqz3z2jd7mr93h",
    "fields": {
        "session_data": ".eJxVjEEOwiAQRe_C2hBKmcK4dO8ZyACDVA0kpV0Z765NutDtf-_9l_C0rcVvnRc_J3EWKE6_W6D44LqDdKd6azK2ui5zkLsiD9rltSV-Xg7376BQL99a55hJYQagwWFABMugSAWHGDTYkQfjFOXRTuCU5ZSZFAGPkyE0rMX7A-QuN7w:1mCMUg:Q5o-IPzKt_G9nVsnBJYDWUl5jXBXhctcvQ_pVnf9TtE",
        "expire_date": "2021-08-21T13:36:06.687Z"
    }
},
{
    "model": "sessions.session",
    "pk": "5t86r2lae5mdyqt1icib6a2f8sp5bayh",
    "fields": {
        "session_data": ".eJxVjEEOwiAQRe_C2pCBgqBL956hGWYGqRpISrsy3l2bdKHb_977LzXiupRx7TKPE6uzMurwuyWkh9QN8B3rrWlqdZmnpDdF77Tra2N5Xnb376BgL9_akcnuaH0OwaEF59gQZEpRSMDkIQMlSI4QB0EPIYToIRrLYNlyOKn3B-lGN-I:1mCNoz:YoHW03cu0mXUJLPTl74153krui6nBPQ0ABlTo2f4mPc",
        "expire_date": "2021-08-21T15:01:09.220Z"
    }
},
{
    "model": "sessions.session",
    "pk": "ani6cjrjwb75cbzyehmuoudzoqbrmmxj",
    "fields": {
        "session_data": ".eJxVjEEOwiAQRe_C2pCBgqBL956hGWYGqRpISrsy3l2bdKHb_977LzXiupRx7TKPE6uzMurwuyWkh9QN8B3rrWlqdZmnpDdF77Tra2N5Xnb376BgL9_akcnuaH0OwaEF59gQZEpRSMDkIQMlSI4QB0EPIYToIRrLYNlyOKn3B-lGN-I:1mCMO3:iwUvurgBVIcb3r9npPXJuL3OBLMVwOGsxyueuM2ydbY",
        "expire_date": "2021-08-21T13:29:15.340Z"
    }
},
{
    "model": "sessions.session",
    "pk": "nptl03ktfttog9mvfpv4jyxneiqyb417",
    "fields": {
        "session_data": ".eJxVjDsOwjAQBe_iGlnexLY2lPScwdqPQwLIlvKpIu6OLKWA9s3MO0yifZvSvuYlzWquZjCX341JXrk0oE8qj2qllm2Z2TbFnnS196r5fTvdv4OJ1qnVPcRIo0NAh15Ix27w0SMGhh4c8uhYMPjOEfSRKYROAJVRQYIKm88XyYs3kg:1mCMW9:alSdgejPA68HiNfHd1vwWoMBbWhFiyJQlQL04vTFV8c",
        "expire_date": "2021-08-21T13:37:37.529Z"
    }
},
{
    "model": "thumbnail.kvstore",
    "pk": "sorl-thumbnail||image||02011fd7568a6b27e54729e58fc68c25",
    "fields": {
        "value": "{\"name\": \"cache/af/80/af807b4fb1b6d9aed2dc553c5d89f034.jpg\", \"storage\": \"django.core.files.storage.FileSystemStorage\", \"size\": [434, 542]}"
    }
},
{
    "model": "thumbnail.kvstore",
    "pk": "sorl-thumbnail||image||045792c85da0836581b8accd10666160",
    "fields": {
        "value": "{\"name\": \"cache/ec/9e/ec9ef1f7d6fa567aaadac8857f0a218c.jpg\", \"storage\": \"django.core.files.storage.FileSystemStorage\", \"size\": [370, 347]}"
    }
},
{
    "model": "thumbnail.kvstore",
    "pk": "sorl-thumbnail||image||0af666fa4824ca71216c60c65e175180",
    "fields": {
        "value": "{\"name\": \"product_cover_image/air-vapormax-2021-fk-womens-shoe-1WB8SL.jpeg\", \"storage\": \"django.core.files.storage.FileSystemStorage\", \"size\": [864, 1080]}"
    }
},
{
    "model": "thumbnail.kvstore",
    "pk": "sorl-thumbnail||image||0b8a778272e9153b82f64f8553365598",
    "fields": {
        "value": "{\"name\": \"cache/c0/e1/c0e10157935a15ebffe3014e294f98cd.jpg\", \"storage\": \"django.core.files.storage.FileSystemStorage\", \"size\": [370, 347]}"
    }
},
{
    "model": "thumbnail.kvstore",
    "pk": "sorl-thumbnail||image||0bda5432d22b671a2acf223cee6989c1",
    "fields": {
        "value": "{\"name\": \"cache/69/25/6925c06d07f88068597c0127e3763745.jpg\", \"storage\": \"django.core.files.storage.FileSystemStorage\", \"size\": [434, 542]}"
    }
},
{
    "model": "thumbnail.kvstore",
    "pk": "sorl-thumbnail||image||157992ea990f3c3a0f8c25791781a074",
    "fields": {
        "value": "{\"name\": \"cache/dc/c0/dcc0314c06ac67d1de2064be48431dac.jpg\", \"storage\": \"django.core.files.storage.FileSystemStorage\", \"size\": [434, 542]}"
    }
},
{
    "model": "thumbnail.kvstore",
    "pk": "sorl-thumbnail||image||16ec1d04a50fb18c62c8bfbc7348ea81",
    "fields": {
        "value": "{\"name\": \"product_cover_image/shoes_2.jpeg\", \"storage\": \"django.core.files.storage.FileSystemStorage\", \"size\": [864, 1080]}"
    }
},
{
    "model": "thumbnail.kvstore",
    "pk": "sorl-thumbnail||image||196d7bf9995d91c5c5601ee3548b885c",
    "fields": {
        "value": "{\"name\": \"cache/00/11/0011ead5404215b971ad9fc9676106cb.jpg\", \"storage\": \"django.core.files.storage.FileSystemStorage\", \"size\": [434, 542]}"
    }
},
{
    "model": "thumbnail.kvstore",
    "pk": "sorl-thumbnail||image||1a3c93c32053ee4e4f157bfd38b494dd",
    "fields": {
        "value": "{\"name\": \"product_image/air-vapormax-plus-womens-shoe-xbt7zf_3.png\", \"storage\": \"django.core.files.storage.FileSystemStorage\", \"size\": [864, 1080]}"
    }
},
{
    "model": "thumbnail.kvstore",
    "pk": "sorl-thumbnail||image||1e3eb7948a668a3a2b32e80379eea19e",
    "fields": {
        "value": "{\"name\": \"cache/7d/a8/7da8dc6fb2de92638737bf95d31eb112.jpg\", \"storage\": \"django.core.files.storage.FileSystemStorage\", \"size\": [370, 347]}"
    }
},
{
    "model": "thumbnail.kvstore",
    "pk": "sorl-thumbnail||image||263a9a0cd769ada470bd6a7c7cd549f2",
    "fields": {
        "value": "{\"name\": \"cache/4e/ae/4eaed4aa81702e8946bf62a87b6bd514.jpg\", \"storage\": \"django.core.files.storage.FileSystemStorage\", \"size\": [370, 347]}"
    }
},
{
    "model": "thumbnail.kvstore",
    "pk": "sorl-thumbnail||image||27467009e5e6e7cc1ae72697f32d5b5b",
    "fields": {
        "value": "{\"name\": \"product_image/shoes_1_5_ROiRlCs.png\", \"storage\": \"django.core.files.storage.FileSystemStorage\", \"size\": [864, 1080]}"
    }
},
{
    "model": "thumbnail.kvstore",
    "pk": "sorl-thumbnail||image||290b6d62bb081a15243e15a6c81bb0ac",
    "fields": {
        "value": "{\"name\": \"product_cover_image/8_15aEFWV.png\", \"storage\": \"django.core.files.storage.FileSystemStorage\", \"size\": [270, 270]}"
    }
},
{
    "model": "thumbnail.kvstore",
    "pk": "sorl-thumbnail||image||2947c03fc830b88a46c9a139908c06dc",
    "fields": {
        "value": "{\"name\": \"product_image/2_2.png\", \"storage\": \"django.core.files.storage.FileSystemStorage\", \"size\": [864, 1080]}"
    }
},
{
    "model": "thumbnail.kvstore",
    "pk": "sorl-thumbnail||image||2991f7b4876972d42388e067042b06c4",
    "fields": {
        "value": "{\"name\": \"cache/bc/44/bc44479cc797cc172425d041b344790d.jpg\", \"storage\": \"django.core.files.storage.FileSystemStorage\", \"size\": [370, 347]}"
    }
},
{
    "model": "thumbnail.kvstore",
    "pk": "sorl-thumbnail||image||29ef25e80a4c001aeda8909120197157",
    "fields": {
        "value": "{\"name\": \"media/category_images/15.png\", \"storage\": \"django.core.files.storage.FileSystemStorage\", \"size\": [270, 270]}"
    }
},
{
    "model": "thumbnail.kvstore",
    "pk": "sorl-thumbnail||image||30066c3554ca6f086f5f9b198e40b004",
    "fields": {
        "value": "{\"name\": \"cache/2d/54/2d54f752b2797ce6e86428a388ccea96.jpg\", \"storage\": \"django.core.files.storage.FileSystemStorage\", \"size\": [370, 347]}"
    }
},
{
    "model": "thumbnail.kvstore",
    "pk": "sorl-thumbnail||image||36d424ff74faa83f62f4868958d6c5c8",
    "fields": {
        "value": "{\"name\": \"product_image/shoes_2_1.png\", \"storage\": \"django.core.files.storage.FileSystemStorage\", \"size\": [864, 1080]}"
    }
},
{
    "model": "thumbnail.kvstore",
    "pk": "sorl-thumbnail||image||391986ac2c575d353f8088b306855d72",
    "fields": {
        "value": "{\"name\": \"product_image/2_2_4ljPHJ7.png\", \"storage\": \"django.core.files.storage.FileSystemStorage\", \"size\": [864, 1080]}"
    }
},
{
    "model": "thumbnail.kvstore",
    "pk": "sorl-thumbnail||image||3f8f595476acd191d10965e0d93df4bd",
    "fields": {
        "value": "{\"name\": \"cache/e5/4e/e54e5956f086a4075937a79d914697f1.jpg\", \"storage\": \"django.core.files.storage.FileSystemStorage\", \"size\": [434, 542]}"
    }
},
{
    "model": "thumbnail.kvstore",
    "pk": "sorl-thumbnail||image||46864b26ae3bb04040e7359c5a3e1660",
    "fields": {
        "value": "{\"name\": \"cache/18/9b/189b5dc45caa2df1edf15883973b6191.jpg\", \"storage\": \"django.core.files.storage.FileSystemStorage\", \"size\": [370, 347]}"
    }
},
{
    "model": "thumbnail.kvstore",
    "pk": "sorl-thumbnail||image||4f3f5bfe5225e76ba8ec0ef512ea74e2",
    "fields": {
        "value": "{\"name\": \"cache/ce/8a/ce8a5abbada2fc5b94425b0991630305.jpg\", \"storage\": \"django.core.files.storage.FileSystemStorage\", \"size\": [370, 347]}"
    }
},
{
    "model": "thumbnail.kvstore",
    "pk": "sorl-thumbnail||image||505805d77ffd5f2d2100c22f148c1d57",
    "fields": {
        "value": "{\"name\": \"cache/b8/9d/b89dd64828d9e08dbf490123281d2ab2.jpg\", \"storage\": \"django.core.files.storage.FileSystemStorage\", \"size\": [434, 542]}"
    }
},
{
    "model": "thumbnail.kvstore",
    "pk": "sorl-thumbnail||image||516234626242bf41252419455dfcd164",
    "fields": {
        "value": "{\"name\": \"product_cover_image/4_IiONCZp.jpg\", \"storage\": \"django.core.files.storage.FileSystemStorage\", \"size\": [370, 370]}"
    }
},
{
    "model": "thumbnail.kvstore",
    "pk": "sorl-thumbnail||image||51cd08fbe4895a3cfc25d27a7fbb4a7f",
    "fields": {
        "value": "{\"name\": \"home_category_images/home_category_image3_IK3jzok.jpg\", \"storage\": \"django.core.files.storage.FileSystemStorage\", \"size\": [1170, 300]}"
    }
},
{
    "model": "thumbnail.kvstore",
    "pk": "sorl-thumbnail||image||5220a1cbf575d7ec983807165a58ce6c",
    "fields": {
        "value": "{\"name\": \"cache/84/8d/848d9a4f3a555991a0ec22d9ebb9dc67.jpg\", \"storage\": \"django.core.files.storage.FileSystemStorage\", \"size\": [370, 347]}"
    }
},
{
    "model": "thumbnail.kvstore",
    "pk": "sorl-thumbnail||image||5230082719f2484c04b1f0d7afa01c72",
    "fields": {
        "value": "{\"name\": \"cache/94/7b/947b72bc9b8c6e4960a8145eb57d6be9.jpg\", \"storage\": \"django.core.files.storage.FileSystemStorage\", \"size\": [370, 347]}"
    }
},
{
    "model": "thumbnail.kvstore",
    "pk": "sorl-thumbnail||image||54e32a81dcb9934579907c1e3356c865",
    "fields": {
        "value": "{\"name\": \"media/category_images/8_aIspEeJ.png\", \"storage\": \"django.core.files.storage.FileSystemStorage\", \"size\": [270, 270]}"
    }
},
{
    "model": "thumbnail.kvstore",
    "pk": "sorl-thumbnail||image||570706567b905587c554c6baa626fbf8",
    "fields": {
        "value": "{\"name\": \"product_image/shoes_2_3.png\", \"storage\": \"django.core.files.storage.FileSystemStorage\", \"size\": [864, 1080]}"
    }
},
{
    "model": "thumbnail.kvstore",
    "pk": "sorl-thumbnail||image||58c80115ddd2d307bfa7962cb9d2431c",
    "fields": {
        "value": "{\"name\": \"cache/fc/fa/fcfaca7a44debe9b8e012378b5337e75.jpg\", \"storage\": \"django.core.files.storage.FileSystemStorage\", \"size\": [434, 542]}"
    }
},
{
    "model": "thumbnail.kvstore",
    "pk": "sorl-thumbnail||image||5bfe5b1708976688ccaab3c495f0ad49",
    "fields": {
        "value": "{\"name\": \"product_image/af-1-1-mens-shoes-wr9kNq.png\", \"storage\": \"django.core.files.storage.FileSystemStorage\", \"size\": [864, 1080]}"
    }
},
{
    "model": "thumbnail.kvstore",
    "pk": "sorl-thumbnail||image||5e964669bbc9b77f5001228ce955ac39",
    "fields": {
        "value": "{\"name\": \"product_cover_image/shoes_1.jpeg\", \"storage\": \"django.core.files.storage.FileSystemStorage\", \"size\": [864, 1080]}"
    }
},
{
    "model": "thumbnail.kvstore",
    "pk": "sorl-thumbnail||image||5fab98ccdb11329b4c5e9be5da3b9c04",
    "fields": {
        "value": "{\"name\": \"cache/93/a2/93a204a31c616771edb623ff800ddc79.jpg\", \"storage\": \"django.core.files.storage.FileSystemStorage\", \"size\": [434, 542]}"
    }
},
{
    "model": "thumbnail.kvstore",
    "pk": "sorl-thumbnail||image||617ee83193644eebb07af00ca9d55e69",
    "fields": {
        "value": "{\"name\": \"product_image/air-vapormax-plus-womens-shoe-xbt7zf_1.png\", \"storage\": \"django.core.files.storage.FileSystemStorage\", \"size\": [864, 1080]}"
    }
},
{
    "model": "thumbnail.kvstore",
    "pk": "sorl-thumbnail||image||62190e1f4f067bb3b43452996d836fd3",
    "fields": {
        "value": "{\"name\": \"product_image/air-vapormax-2021-fk-womens-shoe-1WB8SL.png\", \"storage\": \"django.core.files.storage.FileSystemStorage\", \"size\": [864, 1080]}"
    }
},
{
    "model": "thumbnail.kvstore",
    "pk": "sorl-thumbnail||image||62332e230ce136b0aeaefe41b5b8b01d",
    "fields": {
        "value": "{\"name\": \"cache/49/93/4993183ac844ca1e4a7c3e744416ce56.jpg\", \"storage\": \"django.core.files.storage.FileSystemStorage\", \"size\": [434, 542]}"
    }
},
{
    "model": "thumbnail.kvstore",
    "pk": "sorl-thumbnail||image||6539b49a8490a2c229ddde103b35d67c",
    "fields": {
        "value": "{\"name\": \"product_image/shoes_2_1_78dtPSg.png\", \"storage\": \"django.core.files.storage.FileSystemStorage\", \"size\": [864, 1080]}"
    }
},
{
    "model": "thumbnail.kvstore",
    "pk": "sorl-thumbnail||image||69c2cf0bb1d147c72b3eebc7deb05931",
    "fields": {
        "value": "{\"name\": \"media/category_images/6_2mgmJPD.png\", \"storage\": \"django.core.files.storage.FileSystemStorage\", \"size\": [270, 270]}"
    }
},
{
    "model": "thumbnail.kvstore",
    "pk": "sorl-thumbnail||image||6a18c97f7f4f34c0ba6b3ab8aad912f5",
    "fields": {
        "value": "{\"name\": \"product_image/shoes_2_4_TBd8las.png\", \"storage\": \"django.core.files.storage.FileSystemStorage\", \"size\": [864, 1080]}"
    }
},
{
    "model": "thumbnail.kvstore",
    "pk": "sorl-thumbnail||image||6c444b0f2a4ea287c8c17aefbbf9201a",
    "fields": {
        "value": "{\"name\": \"product_image/shoes_2_4.png\", \"storage\": \"django.core.files.storage.FileSystemStorage\", \"size\": [864, 1080]}"
    }
},
{
    "model": "thumbnail.kvstore",
    "pk": "sorl-thumbnail||image||6d542cee668e78a459e4a64b14b31402",
    "fields": {
        "value": "{\"name\": \"cache/cf/83/cf8355cb936516fec7d7a19a0ec0286c.jpg\", \"storage\": \"django.core.files.storage.FileSystemStorage\", \"size\": [370, 347]}"
    }
},
{
    "model": "thumbnail.kvstore",
    "pk": "sorl-thumbnail||image||6f4ada9853a401faadd51c0f753295fc",
    "fields": {
        "value": "{\"name\": \"cache/10/9c/109c838d6f679d6520c67a20031653c8.jpg\", \"storage\": \"django.core.files.storage.FileSystemStorage\", \"size\": [370, 347]}"
    }
},
{
    "model": "thumbnail.kvstore",
    "pk": "sorl-thumbnail||image||70493ee755b2feaf52c669392adf50b1",
    "fields": {
        "value": "{\"name\": \"product_cover_image/af-1-1-mens-shoes-wr9kNq.jpeg\", \"storage\": \"django.core.files.storage.FileSystemStorage\", \"size\": [864, 1080]}"
    }
},
{
    "model": "thumbnail.kvstore",
    "pk": "sorl-thumbnail||image||712ec48cb6dad331d634e0ae0dfbc607",
    "fields": {
        "value": "{\"name\": \"product_image/team_1_orPM0Zx.jpg\", \"storage\": \"django.core.files.storage.FileSystemStorage\", \"size\": [390, 450]}"
    }
},
{
    "model": "thumbnail.kvstore",
    "pk": "sorl-thumbnail||image||719d110a13f734744d48bb9c8f8909d1",
    "fields": {
        "value": "{\"name\": \"product_cover_image/13_02ulo1f.png\", \"storage\": \"django.core.files.storage.FileSystemStorage\", \"size\": [270, 270]}"
    }
},
{
    "model": "thumbnail.kvstore",
    "pk": "sorl-thumbnail||image||724f5d6762e6cb99072a6df64e3c4f99",
    "fields": {
        "value": "{\"name\": \"cache/cb/78/cb78f6f496eb92737469a9b79f2d55c8.jpg\", \"storage\": \"django.core.files.storage.FileSystemStorage\", \"size\": [370, 347]}"
    }
},
{
    "model": "thumbnail.kvstore",
    "pk": "sorl-thumbnail||image||75858fd2b930ed0e38512cca30603423",
    "fields": {
        "value": "{\"name\": \"product_image/team_3_IjVUTzi.jpg\", \"storage\": \"django.core.files.storage.FileSystemStorage\", \"size\": [390, 450]}"
    }
},
{
    "model": "thumbnail.kvstore",
    "pk": "sorl-thumbnail||image||75ef4277d22e122de480ab27a485aabe",
    "fields": {
        "value": "{\"name\": \"product_image/shoes_1_1_G0JouyE.png\", \"storage\": \"django.core.files.storage.FileSystemStorage\", \"size\": [864, 1080]}"
    }
},
{
    "model": "thumbnail.kvstore",
    "pk": "sorl-thumbnail||image||7781b2f51fcf0a388c9fedeefe625eff",
    "fields": {
        "value": "{\"name\": \"product_image/shoes_1_3.png\", \"storage\": \"django.core.files.storage.FileSystemStorage\", \"size\": [864, 1080]}"
    }
},
{
    "model": "thumbnail.kvstore",
    "pk": "sorl-thumbnail||image||79573bbd6fbf018b5ea8a326250b7cfc",
    "fields": {
        "value": "{\"name\": \"cache/6a/53/6a5382cd6d7c84ff4b2b15a43c0a3340.jpg\", \"storage\": \"django.core.files.storage.FileSystemStorage\", \"size\": [434, 542]}"
    }
},
{
    "model": "thumbnail.kvstore",
    "pk": "sorl-thumbnail||image||7c07974ccd2376987da8e6688332fa09",
    "fields": {
        "value": "{\"name\": \"cache/cd/a5/cda5c216e740b966d53c207bb161d703.jpg\", \"storage\": \"django.core.files.storage.FileSystemStorage\", \"size\": [434, 542]}"
    }
},
{
    "model": "thumbnail.kvstore",
    "pk": "sorl-thumbnail||image||7cce860d272e5586b43ee5746e75407e",
    "fields": {
        "value": "{\"name\": \"media/category_images/15_3qMkERX.png\", \"storage\": \"django.core.files.storage.FileSystemStorage\", \"size\": [270, 270]}"
    }
},
{
    "model": "thumbnail.kvstore",
    "pk": "sorl-thumbnail||image||7d6a218b91c8643e66ea8e376184a1be",
    "fields": {
        "value": "{\"name\": \"product_cover_image/air-force-1-crater-flyknit-mens-shoes-k3Jwmd.jpeg\", \"storage\": \"django.core.files.storage.FileSystemStorage\", \"size\": [864, 1080]}"
    }
},
{
    "model": "thumbnail.kvstore",
    "pk": "sorl-thumbnail||image||80766730dda00343b4659ddbc6e68067",
    "fields": {
        "value": "{\"name\": \"cache/9c/e9/9ce97b68d4f836be80014868022ad43d.jpg\", \"storage\": \"django.core.files.storage.FileSystemStorage\", \"size\": [370, 347]}"
    }
},
{
    "model": "thumbnail.kvstore",
    "pk": "sorl-thumbnail||image||808471dd26b5af054e36e21fee9b686b",
    "fields": {
        "value": "{\"name\": \"product_cover_image/acg-air-desch\\u00fctz-sandals-Khb2Xc.jpeg\", \"storage\": \"django.core.files.storage.FileSystemStorage\", \"size\": [864, 1080]}"
    }
},
{
    "model": "thumbnail.kvstore",
    "pk": "sorl-thumbnail||image||80dac4dc9c0e50ee3fe912cdaeafee65",
    "fields": {
        "value": "{\"name\": \"cache/b2/da/b2da56997910bae312ccda91d7d82fb0.jpg\", \"storage\": \"django.core.files.storage.FileSystemStorage\", \"size\": [370, 347]}"
    }
},
{
    "model": "thumbnail.kvstore",
    "pk": "sorl-thumbnail||image||8501be58c790e99f46f9fdc7f8d38703",
    "fields": {
        "value": "{\"name\": \"media/category_images/5.jpg\", \"storage\": \"django.core.files.storage.FileSystemStorage\", \"size\": [370, 370]}"
    }
},
{
    "model": "thumbnail.kvstore",
    "pk": "sorl-thumbnail||image||858d0cad4c36874d089dfac9fdefe635",
    "fields": {
        "value": "{\"name\": \"cache/27/3f/273fd8e8dce2c251cf374dec0604cbe2.jpg\", \"storage\": \"django.core.files.storage.FileSystemStorage\", \"size\": [370, 347]}"
    }
},
{
    "model": "thumbnail.kvstore",
    "pk": "sorl-thumbnail||image||8816e9af15b7d419f34f33ca71618092",
    "fields": {
        "value": "{\"name\": \"cache/3a/4a/3a4ab49d4125ede03ccdbf0dadf9b5c0.jpg\", \"storage\": \"django.core.files.storage.FileSystemStorage\", \"size\": [434, 542]}"
    }
},
{
    "model": "thumbnail.kvstore",
    "pk": "sorl-thumbnail||image||8c143b7adcd044243ba655db15803cae",
    "fields": {
        "value": "{\"name\": \"cache/e2/dc/e2dc9ab01153b598f7bd96ae4b654215.jpg\", \"storage\": \"django.core.files.storage.FileSystemStorage\", \"size\": [434, 542]}"
    }
},
{
    "model": "thumbnail.kvstore",
    "pk": "sorl-thumbnail||image||8ea53108a29d5e05061c7a203199aee2",
    "fields": {
        "value": "{\"name\": \"cache/25/9a/259a697abcdd7e00d691ba072c6f1037.jpg\", \"storage\": \"django.core.files.storage.FileSystemStorage\", \"size\": [370, 347]}"
    }
},
{
    "model": "thumbnail.kvstore",
    "pk": "sorl-thumbnail||image||91b0727be60beeaacfdfb78dce599897",
    "fields": {
        "value": "{\"name\": \"product_image/shoes_1_5.png\", \"storage\": \"django.core.files.storage.FileSystemStorage\", \"size\": [864, 1080]}"
    }
},
{
    "model": "thumbnail.kvstore",
    "pk": "sorl-thumbnail||image||940584eb0f7eb3718119120bc1b6d2fc",
    "fields": {
        "value": "{\"name\": \"product_image/air-vapormax-plus-womens-shoe-xbt7zf.png\", \"storage\": \"django.core.files.storage.FileSystemStorage\", \"size\": [864, 1080]}"
    }
},
{
    "model": "thumbnail.kvstore",
    "pk": "sorl-thumbnail||image||997ad67e02744ebd11be8ddb260939fa",
    "fields": {
        "value": "{\"name\": \"cache/84/f3/84f33de35eba2c7650a5b83803739c15.jpg\", \"storage\": \"django.core.files.storage.FileSystemStorage\", \"size\": [434, 542]}"
    }
},
{
    "model": "thumbnail.kvstore",
    "pk": "sorl-thumbnail||image||9a182323c6d03dc1b3366281e00a70f6",
    "fields": {
        "value": "{\"name\": \"cache/72/b4/72b41aed3c769cf8d2ae4f4cf183d7ee.jpg\", \"storage\": \"django.core.files.storage.FileSystemStorage\", \"size\": [434, 542]}"
    }
},
{
    "model": "thumbnail.kvstore",
    "pk": "sorl-thumbnail||image||9aba7b606c61508e4182b2046171bccb",
    "fields": {
        "value": "{\"name\": \"cache/df/0e/df0ebd2efc39aa785fd3d4901a9dbd89.jpg\", \"storage\": \"django.core.files.storage.FileSystemStorage\", \"size\": [434, 542]}"
    }
},
{
    "model": "thumbnail.kvstore",
    "pk": "sorl-thumbnail||image||9ad6e2720671addab3c7b9770d73565a",
    "fields": {
        "value": "{\"name\": \"product_image/af-1-1-mens-shoes-wr9kNq_2.png\", \"storage\": \"django.core.files.storage.FileSystemStorage\", \"size\": [864, 1080]}"
    }
},
{
    "model": "thumbnail.kvstore",
    "pk": "sorl-thumbnail||image||9c8c4ddf1943e2d49a0632446ec164db",
    "fields": {
        "value": "{\"name\": \"home_category_images/index_corusel_1.png\", \"storage\": \"django.core.files.storage.FileSystemStorage\", \"size\": [1920, 800]}"
    }
},
{
    "model": "thumbnail.kvstore",
    "pk": "sorl-thumbnail||image||9eee937c9f8ee61c53bd06758c7d10ae",
    "fields": {
        "value": "{\"name\": \"media/category_images/14.png\", \"storage\": \"django.core.files.storage.FileSystemStorage\", \"size\": [270, 270]}"
    }
},
{
    "model": "thumbnail.kvstore",
    "pk": "sorl-thumbnail||image||9fa0ced4a3a26d345cc4549fc9f08e7b",
    "fields": {
        "value": "{\"name\": \"cache/16/75/16757161a9d12f70744348f433db679d.jpg\", \"storage\": \"django.core.files.storage.FileSystemStorage\", \"size\": [434, 542]}"
    }
},
{
    "model": "thumbnail.kvstore",
    "pk": "sorl-thumbnail||image||a0efbe7ebea4f0912ed7c5df09990349",
    "fields": {
        "value": "{\"name\": \"product_image/shoes_2_3_mDXsfaZ.png\", \"storage\": \"django.core.files.storage.FileSystemStorage\", \"size\": [864, 1080]}"
    }
},
{
    "model": "thumbnail.kvstore",
    "pk": "sorl-thumbnail||image||a4045eff68a0a5bc745c4bac3d874b99",
    "fields": {
        "value": "{\"name\": \"cache/f8/2b/f82b3487eed3af15653a99db4a2c88dc.jpg\", \"storage\": \"django.core.files.storage.FileSystemStorage\", \"size\": [434, 542]}"
    }
},
{
    "model": "thumbnail.kvstore",
    "pk": "sorl-thumbnail||image||a53cf189609a1eaa0ba4dbc789f1fe46",
    "fields": {
        "value": "{\"name\": \"cache/79/d4/79d4094a814a8caefed5146cb28dc91c.jpg\", \"storage\": \"django.core.files.storage.FileSystemStorage\", \"size\": [1171, 300]}"
    }
},
{
    "model": "thumbnail.kvstore",
    "pk": "sorl-thumbnail||image||a6a36063a0bf5fdd87aa62cd42e02a11",
    "fields": {
        "value": "{\"name\": \"product_cover_image/air-vapormax-plus-womens-shoe-xbt7zf.jpeg\", \"storage\": \"django.core.files.storage.FileSystemStorage\", \"size\": [864, 1080]}"
    }
},
{
    "model": "thumbnail.kvstore",
    "pk": "sorl-thumbnail||image||a6d85b52e23d52b8313315075004f731",
    "fields": {
        "value": "{\"name\": \"cache/e6/4e/e64ed7a9e190fa1b7d9dd23bdea68285.jpg\", \"storage\": \"django.core.files.storage.FileSystemStorage\", \"size\": [370, 347]}"
    }
},
{
    "model": "thumbnail.kvstore",
    "pk": "sorl-thumbnail||image||a967a65a5f302c5a9c80daa39022d0f4",
    "fields": {
        "value": "{\"name\": \"cache/ef/1e/ef1eca626d18f202f9e44a9dde8fb175.jpg\", \"storage\": \"django.core.files.storage.FileSystemStorage\", \"size\": [370, 347]}"
    }
},
{
    "model": "thumbnail.kvstore",
    "pk": "sorl-thumbnail||image||ab1cad5d06aafde0757850d7252c6cf3",
    "fields": {
        "value": "{\"name\": \"product_image/shoes_1_5_xSAVtLn.png\", \"storage\": \"django.core.files.storage.FileSystemStorage\", \"size\": [864, 1080]}"
    }
},
{
    "model": "thumbnail.kvstore",
    "pk": "sorl-thumbnail||image||ae1fdf30295df47864d7f70fbef47572",
    "fields": {
        "value": "{\"name\": \"product_image/shoes_1_1_7fAbgD5.png\", \"storage\": \"django.core.files.storage.FileSystemStorage\", \"size\": [864, 1080]}"
    }
},
{
    "model": "thumbnail.kvstore",
    "pk": "sorl-thumbnail||image||ae4bbe694876e570ded2525a06af9917",
    "fields": {
        "value": "{\"name\": \"cache/f0/aa/f0aa456f396baaeb90ca9709663d3ca6.jpg\", \"storage\": \"django.core.files.storage.FileSystemStorage\", \"size\": [434, 542]}"
    }
},
{
    "model": "thumbnail.kvstore",
    "pk": "sorl-thumbnail||image||b30551d2e10870909f41d4624a92d085",
    "fields": {
        "value": "{\"name\": \"cache/aa/67/aa67eddc25dfb728ce969d857f168cfd.jpg\", \"storage\": \"django.core.files.storage.FileSystemStorage\", \"size\": [434, 542]}"
    }
},
{
    "model": "thumbnail.kvstore",
    "pk": "sorl-thumbnail||image||b5bc423b2e262e8832e6b5a2c1f412b8",
    "fields": {
        "value": "{\"name\": \"cache/b5/25/b525c3ea84a08c68fa1ed0d7c376a2be.jpg\", \"storage\": \"django.core.files.storage.FileSystemStorage\", \"size\": [434, 542]}"
    }
},
{
    "model": "thumbnail.kvstore",
    "pk": "sorl-thumbnail||image||ba5586d95c9e2a58b0fab8d8598a9560",
    "fields": {
        "value": "{\"name\": \"cache/79/8f/798f6286798d41eef963b94c3501e09a.jpg\", \"storage\": \"django.core.files.storage.FileSystemStorage\", \"size\": [434, 542]}"
    }
},
{
    "model": "thumbnail.kvstore",
    "pk": "sorl-thumbnail||image||bb4111b029da0b0d690aef391ede4eeb",
    "fields": {
        "value": "{\"name\": \"cache/7b/fc/7bfcafead4e8b0974e7bf5ed55370ce1.jpg\", \"storage\": \"django.core.files.storage.FileSystemStorage\", \"size\": [434, 542]}"
    }
},
{
    "model": "thumbnail.kvstore",
    "pk": "sorl-thumbnail||image||c30b78806b58757f565a9b892e3b0fb8",
    "fields": {
        "value": "{\"name\": \"cache/7c/3f/7c3fe6c4179763be43ee3ba1ee3d3254.jpg\", \"storage\": \"django.core.files.storage.FileSystemStorage\", \"size\": [434, 542]}"
    }
},
{
    "model": "thumbnail.kvstore",
    "pk": "sorl-thumbnail||image||c6314a70e0e84ce8d04a93a1a521d64b",
    "fields": {
        "value": "{\"name\": \"cache/66/d1/66d15a8cae0e9163c8d174376f0b7c1d.jpg\", \"storage\": \"django.core.files.storage.FileSystemStorage\", \"size\": [434, 542]}"
    }
},
{
    "model": "thumbnail.kvstore",
    "pk": "sorl-thumbnail||image||c84131fffb74f8f1c249891b2b74280d",
    "fields": {
        "value": "{\"name\": \"cache/e5/f5/e5f5b21696fad9bd092e003f7aeba288.jpg\", \"storage\": \"django.core.files.storage.FileSystemStorage\", \"size\": [370, 347]}"
    }
},
{
    "model": "thumbnail.kvstore",
    "pk": "sorl-thumbnail||image||c971af7652367536af7daa2504256268",
    "fields": {
        "value": "{\"name\": \"cache/6c/c4/6cc43528322bb6147d48898610ff37fb.jpg\", \"storage\": \"django.core.files.storage.FileSystemStorage\", \"size\": [370, 347]}"
    }
},
{
    "model": "thumbnail.kvstore",
    "pk": "sorl-thumbnail||image||cbd1688a62951f5c2e957a98e68eb127",
    "fields": {
        "value": "{\"name\": \"product_image/shoes_1_2.png\", \"storage\": \"django.core.files.storage.FileSystemStorage\", \"size\": [864, 1080]}"
    }
},
{
    "model": "thumbnail.kvstore",
    "pk": "sorl-thumbnail||image||d1c14f99726e36601e264ccc5ee8a877",
    "fields": {
        "value": "{\"name\": \"product_cover_image/15_9L7Iua2.png\", \"storage\": \"django.core.files.storage.FileSystemStorage\", \"size\": [270, 270]}"
    }
},
{
    "model": "thumbnail.kvstore",
    "pk": "sorl-thumbnail||image||d9d16c8cf182433dd840d247ac75fe89",
    "fields": {
        "value": "{\"name\": \"product_cover_image/about_background_4.jpg\", \"storage\": \"django.core.files.storage.FileSystemStorage\", \"size\": [1920, 475]}"
    }
},
{
    "model": "thumbnail.kvstore",
    "pk": "sorl-thumbnail||image||da6785530719f656543dbb8921d0512e",
    "fields": {
        "value": "{\"name\": \"product_image/af-1-1-mens-shoes-wr9kNq_1.png\", \"storage\": \"django.core.files.storage.FileSystemStorage\", \"size\": [864, 1080]}"
    }
},
{
    "model": "thumbnail.kvstore",
    "pk": "sorl-thumbnail||image||de01e794f717d203d3f940ef9199d9b9",
    "fields": {
        "value": "{\"name\": \"cache/09/79/09792faabc4b8c134c802be3ceffe6f4.jpg\", \"storage\": \"django.core.files.storage.FileSystemStorage\", \"size\": [434, 542]}"
    }
},
{
    "model": "thumbnail.kvstore",
    "pk": "sorl-thumbnail||image||df9120816873dbb37402eb65a65842d4",
    "fields": {
        "value": "{\"name\": \"cache/05/91/0591d00e5cd156ba0157f8a64252b421.jpg\", \"storage\": \"django.core.files.storage.FileSystemStorage\", \"size\": [370, 347]}"
    }
},
{
    "model": "thumbnail.kvstore",
    "pk": "sorl-thumbnail||image||e0070c70aeae7c388c61571c856063a3",
    "fields": {
        "value": "{\"name\": \"cache/f5/bf/f5bf97494a85b1ba23ee182d5095895c.jpg\", \"storage\": \"django.core.files.storage.FileSystemStorage\", \"size\": [434, 542]}"
    }
},
{
    "model": "thumbnail.kvstore",
    "pk": "sorl-thumbnail||image||e131bd2cd4778a4efcb80edf780d2015",
    "fields": {
        "value": "{\"name\": \"product_image/af-1-1-mens-shoes-wr9kNq_3.png\", \"storage\": \"django.core.files.storage.FileSystemStorage\", \"size\": [864, 1080]}"
    }
},
{
    "model": "thumbnail.kvstore",
    "pk": "sorl-thumbnail||image||e4a3129d3e227b4bf440145a69eb296d",
    "fields": {
        "value": "{\"name\": \"cache/49/c3/49c315208d55d5865064a45b21f6736c.jpg\", \"storage\": \"django.core.files.storage.FileSystemStorage\", \"size\": [434, 542]}"
    }
},
{
    "model": "thumbnail.kvstore",
    "pk": "sorl-thumbnail||image||e513af3f66a5ff050b39e13da3174e26",
    "fields": {
        "value": "{\"name\": \"cache/86/1f/861fdb94483da4d527501b479e09294a.jpg\", \"storage\": \"django.core.files.storage.FileSystemStorage\", \"size\": [434, 542]}"
    }
},
{
    "model": "thumbnail.kvstore",
    "pk": "sorl-thumbnail||image||e5e0cef4f79cc2ca440f7ab1dcf5f82b",
    "fields": {
        "value": "{\"name\": \"cache/94/14/9414e97faa897c06ce78482454e46cfb.jpg\", \"storage\": \"django.core.files.storage.FileSystemStorage\", \"size\": [370, 347]}"
    }
},
{
    "model": "thumbnail.kvstore",
    "pk": "sorl-thumbnail||image||e5e41f1207c0312e5635b85f6507098b",
    "fields": {
        "value": "{\"name\": \"cache/5c/d8/5cd89e683ee39e9aad0bbfffddf19e7e.jpg\", \"storage\": \"django.core.files.storage.FileSystemStorage\", \"size\": [370, 347]}"
    }
},
{
    "model": "thumbnail.kvstore",
    "pk": "sorl-thumbnail||image||e6308ab51ef56fd0110061b485e3cb2b",
    "fields": {
        "value": "{\"name\": \"cache/7f/66/7f66bdef86190c35661e26b4cb4e7667.jpg\", \"storage\": \"django.core.files.storage.FileSystemStorage\", \"size\": [370, 347]}"
    }
},
{
    "model": "thumbnail.kvstore",
    "pk": "sorl-thumbnail||image||eb6de76e26462929a3130263894e6e56",
    "fields": {
        "value": "{\"name\": \"product_image/team_2_aFHX6bu.jpg\", \"storage\": \"django.core.files.storage.FileSystemStorage\", \"size\": [390, 450]}"
    }
},
{
    "model": "thumbnail.kvstore",
    "pk": "sorl-thumbnail||image||efa388dca22a18cb77cf99d5101f4684",
    "fields": {
        "value": "{\"name\": \"cache/03/e5/03e58f723b9c33da9735f060ad121017.jpg\", \"storage\": \"django.core.files.storage.FileSystemStorage\", \"size\": [434, 542]}"
    }
},
{
    "model": "thumbnail.kvstore",
    "pk": "sorl-thumbnail||image||f0845f451828752ed7819b5c10d2f75b",
    "fields": {
        "value": "{\"name\": \"cache/6b/c6/6bc682feaa2335548179403528580925.jpg\", \"storage\": \"django.core.files.storage.FileSystemStorage\", \"size\": [1171, 300]}"
    }
},
{
    "model": "thumbnail.kvstore",
    "pk": "sorl-thumbnail||image||f3b3a89fcb076fba7a543d6ac5e51fc8",
    "fields": {
        "value": "{\"name\": \"cache/04/9e/049e129f950dc7c783d4ccbfbc914ab3.jpg\", \"storage\": \"django.core.files.storage.FileSystemStorage\", \"size\": [434, 542]}"
    }
},
{
    "model": "thumbnail.kvstore",
    "pk": "sorl-thumbnail||image||f882ba3a0424d4169a366c7cfd1611ed",
    "fields": {
        "value": "{\"name\": \"product_image/shoes_1_1.png\", \"storage\": \"django.core.files.storage.FileSystemStorage\", \"size\": [864, 1080]}"
    }
},
{
    "model": "thumbnail.kvstore",
    "pk": "sorl-thumbnail||image||f98b82a50ca615bd48d5a654c3afe25f",
    "fields": {
        "value": "{\"name\": \"cache/46/98/4698b696fc68e3cd48ba7726999d2f3f.jpg\", \"storage\": \"django.core.files.storage.FileSystemStorage\", \"size\": [434, 542]}"
    }
},
{
    "model": "thumbnail.kvstore",
    "pk": "sorl-thumbnail||image||fbdb331555f978f46e6e3ed8d0ec7bd1",
    "fields": {
        "value": "{\"name\": \"product_cover_image/air-vapormax-2021-fk-womens-shoe-1WB8SL_aOHxuAX.jpeg\", \"storage\": \"django.core.files.storage.FileSystemStorage\", \"size\": [864, 1080]}"
    }
},
{
    "model": "thumbnail.kvstore",
    "pk": "sorl-thumbnail||image||ffa108ba68895223046c4cf79c41835b",
    "fields": {
        "value": "{\"name\": \"product_image/air-vapormax-plus-womens-shoe-xbt7zf_2.png\", \"storage\": \"django.core.files.storage.FileSystemStorage\", \"size\": [864, 1080]}"
    }
},
{
    "model": "thumbnail.kvstore",
    "pk": "sorl-thumbnail||thumbnails||0af666fa4824ca71216c60c65e175180",
    "fields": {
        "value": "[\"c84131fffb74f8f1c249891b2b74280d\"]"
    }
},
{
    "model": "thumbnail.kvstore",
    "pk": "sorl-thumbnail||thumbnails||16ec1d04a50fb18c62c8bfbc7348ea81",
    "fields": {
        "value": "[\"df9120816873dbb37402eb65a65842d4\", \"9a182323c6d03dc1b3366281e00a70f6\"]"
    }
},
{
    "model": "thumbnail.kvstore",
    "pk": "sorl-thumbnail||thumbnails||1a3c93c32053ee4e4f157bfd38b494dd",
    "fields": {
        "value": "[\"8816e9af15b7d419f34f33ca71618092\"]"
    }
},
{
    "model": "thumbnail.kvstore",
    "pk": "sorl-thumbnail||thumbnails||27467009e5e6e7cc1ae72697f32d5b5b",
    "fields": {
        "value": "[\"58c80115ddd2d307bfa7962cb9d2431c\"]"
    }
},
{
    "model": "thumbnail.kvstore",
    "pk": "sorl-thumbnail||thumbnails||290b6d62bb081a15243e15a6c81bb0ac",
    "fields": {
        "value": "[\"46864b26ae3bb04040e7359c5a3e1660\"]"
    }
},
{
    "model": "thumbnail.kvstore",
    "pk": "sorl-thumbnail||thumbnails||2947c03fc830b88a46c9a139908c06dc",
    "fields": {
        "value": "[\"505805d77ffd5f2d2100c22f148c1d57\"]"
    }
},
{
    "model": "thumbnail.kvstore",
    "pk": "sorl-thumbnail||thumbnails||29ef25e80a4c001aeda8909120197157",
    "fields": {
        "value": "[\"045792c85da0836581b8accd10666160\"]"
    }
},
{
    "model": "thumbnail.kvstore",
    "pk": "sorl-thumbnail||thumbnails||36d424ff74faa83f62f4868958d6c5c8",
    "fields": {
        "value": "[\"e0070c70aeae7c388c61571c856063a3\"]"
    }
},
{
    "model": "thumbnail.kvstore",
    "pk": "sorl-thumbnail||thumbnails||391986ac2c575d353f8088b306855d72",
    "fields": {
        "value": "[\"bb4111b029da0b0d690aef391ede4eeb\"]"
    }
},
{
    "model": "thumbnail.kvstore",
    "pk": "sorl-thumbnail||thumbnails||516234626242bf41252419455dfcd164",
    "fields": {
        "value": "[\"4f3f5bfe5225e76ba8ec0ef512ea74e2\"]"
    }
},
{
    "model": "thumbnail.kvstore",
    "pk": "sorl-thumbnail||thumbnails||51cd08fbe4895a3cfc25d27a7fbb4a7f",
    "fields": {
        "value": "[\"f0845f451828752ed7819b5c10d2f75b\"]"
    }
},
{
    "model": "thumbnail.kvstore",
    "pk": "sorl-thumbnail||thumbnails||54e32a81dcb9934579907c1e3356c865",
    "fields": {
        "value": "[\"c971af7652367536af7daa2504256268\"]"
    }
},
{
    "model": "thumbnail.kvstore",
    "pk": "sorl-thumbnail||thumbnails||570706567b905587c554c6baa626fbf8",
    "fields": {
        "value": "[\"0bda5432d22b671a2acf223cee6989c1\"]"
    }
},
{
    "model": "thumbnail.kvstore",
    "pk": "sorl-thumbnail||thumbnails||5bfe5b1708976688ccaab3c495f0ad49",
    "fields": {
        "value": "[\"ae4bbe694876e570ded2525a06af9917\"]"
    }
},
{
    "model": "thumbnail.kvstore",
    "pk": "sorl-thumbnail||thumbnails||5e964669bbc9b77f5001228ce955ac39",
    "fields": {
        "value": "[\"997ad67e02744ebd11be8ddb260939fa\", \"80dac4dc9c0e50ee3fe912cdaeafee65\"]"
    }
},
{
    "model": "thumbnail.kvstore",
    "pk": "sorl-thumbnail||thumbnails||617ee83193644eebb07af00ca9d55e69",
    "fields": {
        "value": "[\"f98b82a50ca615bd48d5a654c3afe25f\"]"
    }
},
{
    "model": "thumbnail.kvstore",
    "pk": "sorl-thumbnail||thumbnails||62190e1f4f067bb3b43452996d836fd3",
    "fields": {
        "value": "[\"c30b78806b58757f565a9b892e3b0fb8\"]"
    }
},
{
    "model": "thumbnail.kvstore",
    "pk": "sorl-thumbnail||thumbnails||6539b49a8490a2c229ddde103b35d67c",
    "fields": {
        "value": "[\"b30551d2e10870909f41d4624a92d085\"]"
    }
},
{
    "model": "thumbnail.kvstore",
    "pk": "sorl-thumbnail||thumbnails||69c2cf0bb1d147c72b3eebc7deb05931",
    "fields": {
        "value": "[\"6d542cee668e78a459e4a64b14b31402\"]"
    }
},
{
    "model": "thumbnail.kvstore",
    "pk": "sorl-thumbnail||thumbnails||6a18c97f7f4f34c0ba6b3ab8aad912f5",
    "fields": {
        "value": "[\"f3b3a89fcb076fba7a543d6ac5e51fc8\"]"
    }
},
{
    "model": "thumbnail.kvstore",
    "pk": "sorl-thumbnail||thumbnails||6c444b0f2a4ea287c8c17aefbbf9201a",
    "fields": {
        "value": "[\"79573bbd6fbf018b5ea8a326250b7cfc\"]"
    }
},
{
    "model": "thumbnail.kvstore",
    "pk": "sorl-thumbnail||thumbnails||70493ee755b2feaf52c669392adf50b1",
    "fields": {
        "value": "[\"80766730dda00343b4659ddbc6e68067\", \"5fab98ccdb11329b4c5e9be5da3b9c04\"]"
    }
},
{
    "model": "thumbnail.kvstore",
    "pk": "sorl-thumbnail||thumbnails||712ec48cb6dad331d634e0ae0dfbc607",
    "fields": {
        "value": "[\"858d0cad4c36874d089dfac9fdefe635\"]"
    }
},
{
    "model": "thumbnail.kvstore",
    "pk": "sorl-thumbnail||thumbnails||719d110a13f734744d48bb9c8f8909d1",
    "fields": {
        "value": "[\"5230082719f2484c04b1f0d7afa01c72\"]"
    }
},
{
    "model": "thumbnail.kvstore",
    "pk": "sorl-thumbnail||thumbnails||75858fd2b930ed0e38512cca30603423",
    "fields": {
        "value": "[\"e6308ab51ef56fd0110061b485e3cb2b\"]"
    }
},
{
    "model": "thumbnail.kvstore",
    "pk": "sorl-thumbnail||thumbnails||75ef4277d22e122de480ab27a485aabe",
    "fields": {
        "value": "[\"8c143b7adcd044243ba655db15803cae\"]"
    }
},
{
    "model": "thumbnail.kvstore",
    "pk": "sorl-thumbnail||thumbnails||7781b2f51fcf0a388c9fedeefe625eff",
    "fields": {
        "value": "[\"2991f7b4876972d42388e067042b06c4\", \"196d7bf9995d91c5c5601ee3548b885c\"]"
    }
},
{
    "model": "thumbnail.kvstore",
    "pk": "sorl-thumbnail||thumbnails||7cce860d272e5586b43ee5746e75407e",
    "fields": {
        "value": "[\"5220a1cbf575d7ec983807165a58ce6c\"]"
    }
},
{
    "model": "thumbnail.kvstore",
    "pk": "sorl-thumbnail||thumbnails||7d6a218b91c8643e66ea8e376184a1be",
    "fields": {
        "value": "[\"e5e0cef4f79cc2ca440f7ab1dcf5f82b\", \"c6314a70e0e84ce8d04a93a1a521d64b\"]"
    }
},
{
    "model": "thumbnail.kvstore",
    "pk": "sorl-thumbnail||thumbnails||808471dd26b5af054e36e21fee9b686b",
    "fields": {
        "value": "[\"a4045eff68a0a5bc745c4bac3d874b99\", \"263a9a0cd769ada470bd6a7c7cd549f2\"]"
    }
},
{
    "model": "thumbnail.kvstore",
    "pk": "sorl-thumbnail||thumbnails||8501be58c790e99f46f9fdc7f8d38703",
    "fields": {
        "value": "[\"724f5d6762e6cb99072a6df64e3c4f99\"]"
    }
},
{
    "model": "thumbnail.kvstore",
    "pk": "sorl-thumbnail||thumbnails||91b0727be60beeaacfdfb78dce599897",
    "fields": {
        "value": "[\"e4a3129d3e227b4bf440145a69eb296d\"]"
    }
},
{
    "model": "thumbnail.kvstore",
    "pk": "sorl-thumbnail||thumbnails||940584eb0f7eb3718119120bc1b6d2fc",
    "fields": {
        "value": "[\"9fa0ced4a3a26d345cc4549fc9f08e7b\"]"
    }
},
{
    "model": "thumbnail.kvstore",
    "pk": "sorl-thumbnail||thumbnails||9ad6e2720671addab3c7b9770d73565a",
    "fields": {
        "value": "[\"02011fd7568a6b27e54729e58fc68c25\"]"
    }
},
{
    "model": "thumbnail.kvstore",
    "pk": "sorl-thumbnail||thumbnails||9c8c4ddf1943e2d49a0632446ec164db",
    "fields": {
        "value": "[\"a53cf189609a1eaa0ba4dbc789f1fe46\"]"
    }
},
{
    "model": "thumbnail.kvstore",
    "pk": "sorl-thumbnail||thumbnails||9eee937c9f8ee61c53bd06758c7d10ae",
    "fields": {
        "value": "[\"a967a65a5f302c5a9c80daa39022d0f4\"]"
    }
},
{
    "model": "thumbnail.kvstore",
    "pk": "sorl-thumbnail||thumbnails||a0efbe7ebea4f0912ed7c5df09990349",
    "fields": {
        "value": "[\"e513af3f66a5ff050b39e13da3174e26\"]"
    }
},
{
    "model": "thumbnail.kvstore",
    "pk": "sorl-thumbnail||thumbnails||a6a36063a0bf5fdd87aa62cd42e02a11",
    "fields": {
        "value": "[\"157992ea990f3c3a0f8c25791781a074\", \"8ea53108a29d5e05061c7a203199aee2\"]"
    }
},
{
    "model": "thumbnail.kvstore",
    "pk": "sorl-thumbnail||thumbnails||ab1cad5d06aafde0757850d7252c6cf3",
    "fields": {
        "value": "[\"7c07974ccd2376987da8e6688332fa09\"]"
    }
},
{
    "model": "thumbnail.kvstore",
    "pk": "sorl-thumbnail||thumbnails||ae1fdf30295df47864d7f70fbef47572",
    "fields": {
        "value": "[\"b5bc423b2e262e8832e6b5a2c1f412b8\"]"
    }
},
{
    "model": "thumbnail.kvstore",
    "pk": "sorl-thumbnail||thumbnails||cbd1688a62951f5c2e957a98e68eb127",
    "fields": {
        "value": "[\"3f8f595476acd191d10965e0d93df4bd\", \"e5e41f1207c0312e5635b85f6507098b\"]"
    }
},
{
    "model": "thumbnail.kvstore",
    "pk": "sorl-thumbnail||thumbnails||d1c14f99726e36601e264ccc5ee8a877",
    "fields": {
        "value": "[\"1e3eb7948a668a3a2b32e80379eea19e\"]"
    }
},
{
    "model": "thumbnail.kvstore",
    "pk": "sorl-thumbnail||thumbnails||d9d16c8cf182433dd840d247ac75fe89",
    "fields": {
        "value": "[\"30066c3554ca6f086f5f9b198e40b004\"]"
    }
},
{
    "model": "thumbnail.kvstore",
    "pk": "sorl-thumbnail||thumbnails||da6785530719f656543dbb8921d0512e",
    "fields": {
        "value": "[\"9aba7b606c61508e4182b2046171bccb\"]"
    }
},
{
    "model": "thumbnail.kvstore",
    "pk": "sorl-thumbnail||thumbnails||e131bd2cd4778a4efcb80edf780d2015",
    "fields": {
        "value": "[\"de01e794f717d203d3f940ef9199d9b9\"]"
    }
},
{
    "model": "thumbnail.kvstore",
    "pk": "sorl-thumbnail||thumbnails||eb6de76e26462929a3130263894e6e56",
    "fields": {
        "value": "[\"6f4ada9853a401faadd51c0f753295fc\"]"
    }
},
{
    "model": "thumbnail.kvstore",
    "pk": "sorl-thumbnail||thumbnails||f882ba3a0424d4169a366c7cfd1611ed",
    "fields": {
        "value": "[\"efa388dca22a18cb77cf99d5101f4684\", \"a6d85b52e23d52b8313315075004f731\"]"
    }
},
{
    "model": "thumbnail.kvstore",
    "pk": "sorl-thumbnail||thumbnails||fbdb331555f978f46e6e3ed8d0ec7bd1",
    "fields": {
        "value": "[\"0b8a778272e9153b82f64f8553365598\", \"62332e230ce136b0aeaefe41b5b8b01d\"]"
    }
},
{
    "model": "thumbnail.kvstore",
    "pk": "sorl-thumbnail||thumbnails||ffa108ba68895223046c4cf79c41835b",
    "fields": {
        "value": "[\"ba5586d95c9e2a58b0fab8d8598a9560\"]"
    }
},
{
    "model": "core.contact",
    "pk": 1,
    "fields": {
        "name": "Kamal Abdullayev",
        "email": "abdullayevk890@gmail.com",
        "subject": "dan",
        "message": "dkasdnkjas",
        "created_at": "2021-08-06T22:36:43.403Z"
    }
},
{
    "model": "core.contact",
    "pk": 2,
    "fields": {
        "name": "Kamal Abdullayev",
        "email": "abdullayevk890@gmail.com",
        "subject": "dan",
        "message": "dkasdnkjas",
        "created_at": "2021-08-06T22:37:27.146Z"
    }
},
{
    "model": "core.contact",
    "pk": 3,
    "fields": {
        "name": "Kamal Abdullayev",
        "email": "abdullayevk890@gmail.com",
        "subject": "dan",
        "message": "dkasdnkjas",
        "created_at": "2021-08-06T22:37:31.307Z"
    }
},
{
    "model": "core.contact",
    "pk": 4,
    "fields": {
        "name": "Kamal Abdullayev",
        "email": "abdullayevk890@gmail.com",
        "subject": "dan",
        "message": "dkasdnkjas",
        "created_at": "2021-08-06T22:38:29.165Z"
    }
},
{
    "model": "core.contact",
    "pk": 5,
    "fields": {
        "name": "Kamal Abdullayev",
        "email": "abdullayevk890@gmail.com",
        "subject": "asdad",
        "message": "adnjksdjan",
        "created_at": "2021-08-07T11:56:36.613Z"
    }
},
{
    "model": "core.team",
    "pk": 1,
    "fields": {
        "image": "product_image/team_1_orPM0Zx.jpg",
        "full_name": "Jenny Walter"
    }
},
{
    "model": "core.team",
    "pk": 2,
    "fields": {
        "image": "product_image/team_2_aFHX6bu.jpg",
        "full_name": "Jack Nicos"
    }
},
{
    "model": "core.team",
    "pk": 3,
    "fields": {
        "image": "product_image/team_3_IjVUTzi.jpg",
        "full_name": "Alexandra Watson"
    }
},
{
    "model": "blog.category",
    "pk": 2,
    "fields": {
        "category": "BUSINESS"
    }
},
{
    "model": "blog.category",
    "pk": 4,
    "fields": {
        "category": "TECH"
    }
},
{
    "model": "blog.tag",
    "pk": 1,
    "fields": {
        "tag": "1 Tag"
    }
},
{
    "model": "blog.tag",
    "pk": 2,
    "fields": {
        "tag": "2 Tag"
    }
},
{
    "model": "blog.tag",
    "pk": 3,
    "fields": {
        "tag": "3 Tag"
    }
},
{
    "model": "blog.tag",
    "pk": 4,
    "fields": {
        "tag": "4 Tag"
    }
},
{
    "model": "blog.comment",
    "pk": 9,
    "fields": {
        "blog": 3,
        "parent": null,
        "name": "dadsa",
        "email": "dada@fsdf.fsdfs",
        "message": "fsfds",
        "active": true,
        "created_at": "2021-08-07T17:36:42.596Z",
        "updated_at": "2021-08-07T17:36:42.603Z"
    }
},
{
    "model": "blog.comment",
    "pk": 10,
    "fields": {
        "blog": 3,
        "parent": 9,
        "name": "dadas",
        "email": "dada@daasc.jhgfd",
        "message": "dfbfdsfdbfd",
        "active": true,
        "created_at": "2021-08-07T17:36:56.369Z",
        "updated_at": "2021-08-07T17:36:56.389Z"
    }
},
{
    "model": "accounts.user",
    "pk": 1,
    "fields": {
        "password": "pbkdf2_sha256$260000$mRB24d95MPF6Dbb6C8CwDN$is7HB1ihVNnWWL8h8tvLiXOWpt/XnxIlJ0deG48wylo=",
        "last_login": "2021-08-07T15:01:09.204Z",
        "is_superuser": true,
        "username": "admin",
        "first_name": "",
        "last_name": "",
        "is_staff": true,
        "is_active": true,
        "date_joined": "2021-08-06T22:35:19.711Z",
        "email": "admin@gmil.com",
        "image": "",
        "bio": null,
        "gender": false,
        "number": null,
        "groups": [],
        "user_permissions": []
    }
},
{
    "model": "accounts.user",
    "pk": 9,
    "fields": {
        "password": "pbkdf2_sha256$260000$12HBLxBOMK9HNQi8dpTN5r$M7n67h3bT+6fUv1GsRgXdpCI0LlRJyAn+2imMWaViY4=",
        "last_login": "2021-08-07T14:53:58.297Z",
        "is_superuser": false,
        "username": "Kamal",
        "first_name": "Kamal",
        "last_name": "Abdullayev",
        "is_staff": false,
        "is_active": true,
        "date_joined": "2021-08-07T13:35:24.579Z",
        "email": "kamalabdu2layev@gmail.com",
        "image": "https://lh3.googleusercontent.com/a-/AOh14GiKpwiSPWrGgV7xHXUu2aVe93ceSxA7zW8yHfWa=s96-c",
        "bio": null,
        "gender": false,
        "number": null,
        "groups": [],
        "user_permissions": []
    }
},
{
    "model": "order.order",
    "pk": 1,
    "fields": {
        "customer": [
            "admin"
        ],
        "date_ordered": "2021-08-06T22:36:13.498Z",
        "complete": true,
        "transaction_id": "1628334445.094529"
    }
},
{
    "model": "order.order",
    "pk": 2,
    "fields": {
        "customer": null,
        "date_ordered": "2021-08-06T23:15:33.667Z",
        "complete": false,
        "transaction_id": null
    }
},
{
    "model": "order.order",
    "pk": 3,
    "fields": {
        "customer": [
            "admin"
        ],
        "date_ordered": "2021-08-07T11:07:34.506Z",
        "complete": true,
        "transaction_id": "1628335440.936215"
    }
},
{
    "model": "order.order",
    "pk": 4,
    "fields": {
        "customer": [
            "admin"
        ],
        "date_ordered": "2021-08-07T11:24:06.140Z",
        "complete": false,
        "transaction_id": null
    }
},
{
    "model": "order.order",
    "pk": 5,
    "fields": {
        "customer": null,
        "date_ordered": "2021-08-07T13:34:30.390Z",
        "complete": false,
        "transaction_id": null
    }
},
{
    "model": "order.order",
    "pk": 6,
    "fields": {
        "customer": [
            "Kamal"
        ],
        "date_ordered": "2021-08-07T13:35:50.918Z",
        "complete": false,
        "transaction_id": null
    }
},
{
    "model": "products.product",
    "pk": 6,
    "fields": {
        "title": "Air Jordan 1 Mid",
        "slug": "air-jordan-1-mid-6",
        "price": "120.00",
        "quantity": 1,
        "discount_price": "0.00",
        "winter": true,
        "spring": false,
        "autumn": true,
        "summer": false,
        "cover_image": "product_cover_image/shoes_1.jpeg",
        "description": "The Air Jordan 1 Mid Shoe is inspired by the first AJ1, offering fans of Jordan retros a chance to follow in the footsteps of greatness. Fresh color trims the clean, classic materials, injecting some newness into the familiar design.\r\n\r\nShown: White/Black/Racer Blue\r\nStyle: 554724-140",
        "stock": false,
        "digital": false,
        "video": "https:something/something/...",
        "sale": 0,
        "sale_time": null,
        "is_published": true,
        "created_at": "2021-08-07T21:06:40.390Z",
        "updated_at": "2021-08-07T21:09:10.719Z",
        "prices_range": [
            3
        ],
        "sizes": [
            10,
            14,
            11,
            12,
            13
        ],
        "sortsby": [
            1
        ],
        "colors": [
            2,
            3,
            4,
            5,
            6
        ]
    }
},
{
    "model": "products.product",
    "pk": 39,
    "fields": {
        "title": "Nike ACG Mountain Fly Low",
        "slug": "nike-acg-mountain-fly-low-39",
        "price": "180.00",
        "quantity": 1,
        "discount_price": "0.00",
        "winter": false,
        "spring": true,
        "autumn": false,
        "summer": true,
        "cover_image": "product_cover_image/shoes_2.jpeg",
        "description": "Fast, rugged and just as at home in the city as it is in deserts, canyons and mountains, the Nike ACG Mountain Fly Low is ready for whatever you throw at it. The lightweight ripstop and synthetic upper is durable and airy while the easy-to-cinch lacing system adds on-the-go personalization. The sticky rubber outsole brings crag-inspired traction as the soft Nike React foam sole delivers undisputed comfort whether you're pounding pavement in the city wilds or leaping rock to rock in Joshua Tree.\r\n\r\nShown: Light Mulberry/Flash Crimson\r\nStyle: DC9045-500",
        "stock": false,
        "digital": false,
        "video": "https:something/something/...",
        "sale": 0,
        "sale_time": null,
        "is_published": true,
        "created_at": "2021-08-07T21:24:57.618Z",
        "updated_at": "2021-08-07T21:51:50.825Z",
        "prices_range": [
            3
        ],
        "sizes": [
            9,
            10,
            11,
            12,
            13,
            14
        ],
        "sortsby": [
            1
        ],
        "colors": [
            2
        ]
    }
},
{
    "model": "products.product",
    "pk": 40,
    "fields": {
        "title": "Nike ACG Air Deschtz +",
        "slug": "nike-acg-air-deschutz-40",
        "price": "75.00",
        "quantity": 1,
        "discount_price": "0.00",
        "winter": false,
        "spring": false,
        "autumn": false,
        "summer": true,
        "cover_image": "product_cover_image/acg-air-deschtz-sandals-Khb2Xc.jpeg",
        "description": "From city hikes to canyon trails to long walks on the beach, the Nike ACG Air Deschtz + is built to feel comfortable. Featuring a classic '90s look and rugged outdoor inspired design, its plush padding around the ankle, heavy-duty webbing strap and easily adjustable hook-and-loop closure keep you focused on the journey ahead.\r\n\r\nShown: Black/Iron Grey\r\nStyle: DC9093-001",
        "stock": false,
        "digital": false,
        "video": "https:something/something/...",
        "sale": 0,
        "sale_time": null,
        "is_published": true,
        "created_at": "2021-08-07T21:45:40.944Z",
        "updated_at": "2021-08-07T21:52:50.709Z",
        "prices_range": [
            2
        ],
        "sizes": [
            15,
            16,
            17,
            18
        ],
        "sortsby": [
            1
        ],
        "colors": [
            8,
            7
        ]
    }
},
{
    "model": "products.product",
    "pk": 41,
    "fields": {
        "title": "Nike Air Force 1 Crater FlyKnit",
        "slug": "nike-air-force-1-crater-flyknit-41",
        "price": "110.00",
        "quantity": 1,
        "discount_price": "0.00",
        "winter": false,
        "spring": false,
        "autumn": true,
        "summer": false,
        "cover_image": "product_cover_image/air-force-1-crater-flyknit-mens-shoes-k3Jwmd.jpeg",
        "description": "Your modern take on the hoops icon, the Nike Air Force 1 Crater FlyKnit updates classic b-ball style with at least 20% recycled materials by weight. The super-airy FlyKnit upper features a linen-like texture while the speckled Crater foam midsole adds a modern twist. It's legendary style that's on-point and lets you give a little back with every step.\r\n\r\nShown: Black/Anthracite/White/Black\r\nStyle: DC4831-003",
        "stock": false,
        "digital": false,
        "video": "https:something/something/...",
        "sale": 0,
        "sale_time": null,
        "is_published": true,
        "created_at": "2021-08-07T21:50:24.236Z",
        "updated_at": "2021-08-07T21:52:05.732Z",
        "prices_range": [
            3
        ],
        "sizes": [
            34,
            35,
            36,
            37,
            38,
            39,
            40,
            41,
            42
        ],
        "sortsby": [
            2
        ],
        "colors": [
            8,
            7
        ]
    }
},
{
    "model": "products.product",
    "pk": 42,
    "fields": {
        "title": "Nike AF 1/1",
        "slug": "nike-af-11-42",
        "price": "140.00",
        "quantity": 1,
        "discount_price": "120.00",
        "winter": true,
        "spring": false,
        "autumn": true,
        "summer": false,
        "cover_image": "product_cover_image/af-1-1-mens-shoes-wr9kNq.jpeg",
        "description": "The radiance lives on in the Nike AF 1/1, the b-ball classic that puts a tailored spin on what you know best: crisp leather, bold colors, and the perfect amount of flash to make you shine. The customizable design uses hook-and-loop details with removable overlays so you change up your look to match the day.\r\n\r\nShown: Black/Lethal Fuchsia/Orange Chalk/Barely Grey\r\nStyle: DB2576-001",
        "stock": false,
        "digital": false,
        "video": "https:something/something/...",
        "sale": 0,
        "sale_time": null,
        "is_published": true,
        "created_at": "2021-08-07T22:11:10.536Z",
        "updated_at": "2021-08-07T22:11:10.537Z",
        "prices_range": [
            3
        ],
        "sizes": [
            32,
            33,
            34,
            35,
            36,
            37,
            38,
            30,
            31
        ],
        "sortsby": [],
        "colors": [
            2
        ]
    }
},
{
    "model": "products.product",
    "pk": 44,
    "fields": {
        "title": "Nike Air VaporMax 2021 FK",
        "slug": "nike-air-vapormax-2021-fk-44",
        "price": "200.00",
        "quantity": 1,
        "discount_price": "0.00",
        "winter": true,
        "spring": false,
        "autumn": true,
        "summer": false,
        "cover_image": "product_cover_image/air-vapormax-2021-fk-womens-shoe-1WB8SL_aOHxuAX.jpeg",
        "description": "Made from at least 40% recycled materials by weight, the Nike Air VaporMax 2021 FK is airy and easy to wear with superstretchy, recycled Flyknit fabric (plus a soft collar that sculpts your ankle). The stitched-on Swoosh and recycled TPU heel clip add a splash of intrigue as you float down the streets on incredibly soft VaporMax cushioning.\r\n\r\nShown: Light Arctic Pink/Summit White/Metallic Silver/Iced Lilac\r\nStyle: DH4088-600",
        "stock": false,
        "digital": false,
        "video": "https:something/something/...",
        "sale": 20,
        "sale_time": null,
        "is_published": true,
        "created_at": "2021-08-07T22:19:49.750Z",
        "updated_at": "2021-08-07T22:22:23.164Z",
        "prices_range": [
            4
        ],
        "sizes": [
            32,
            34,
            35,
            37,
            30
        ],
        "sortsby": [],
        "colors": [
            8,
            9,
            2,
            7
        ]
    }
},
{
    "model": "products.product",
    "pk": 45,
    "fields": {
        "title": "Nike Air VaporMax Plus",
        "slug": "nike-air-vapormax-plus-45",
        "price": "200.00",
        "quantity": 1,
        "discount_price": "0.00",
        "winter": false,
        "spring": true,
        "autumn": false,
        "summer": false,
        "cover_image": "product_cover_image/air-vapormax-plus-womens-shoe-xbt7zf.jpeg",
        "description": "The Nike Air VaporMax Plus looks to the past to propel you into the future. With a design that nods to the futuristic '98 Nike Air Max Plus, it adds revolutionary VaporMax Air technology to ramp up the comfort. Here's to a little more Air underfoot.\r\n\r\nShown: Pink Oxford/White/Metallic Silver\r\nStyle: DM8327-600",
        "stock": false,
        "digital": false,
        "video": "https:something/something/...",
        "sale": 0,
        "sale_time": null,
        "is_published": true,
        "created_at": "2021-08-07T22:21:22.420Z",
        "updated_at": "2021-08-07T22:21:22.421Z",
        "prices_range": [
            4
        ],
        "sizes": [
            33,
            34,
            35,
            36,
            37,
            30
        ],
        "sortsby": [
            1
        ],
        "colors": [
            8,
            9,
            7
        ]
    }
},
{
    "model": "products.image",
    "pk": 1,
    "fields": {
        "product": 6,
        "image": "product_image/shoes_1_5_xSAVtLn.png"
    }
},
{
    "model": "products.image",
    "pk": 2,
    "fields": {
        "product": 6,
        "image": "product_image/shoes_1_2.png"
    }
},
{
    "model": "products.image",
    "pk": 3,
    "fields": {
        "product": 6,
        "image": "product_image/shoes_1_3.png"
    }
},
{
    "model": "products.image",
    "pk": 4,
    "fields": {
        "product": 6,
        "image": "product_image/shoes_1_1_G0JouyE.png"
    }
},
{
    "model": "products.image",
    "pk": 38,
    "fields": {
        "product": 39,
        "image": "product_image/shoes_2_1_78dtPSg.png"
    }
},
{
    "model": "products.image",
    "pk": 39,
    "fields": {
        "product": 39,
        "image": "product_image/shoes_2_3_mDXsfaZ.png"
    }
},
{
    "model": "products.image",
    "pk": 40,
    "fields": {
        "product": 39,
        "image": "product_image/shoes_2_4_TBd8las.png"
    }
},
{
    "model": "products.image",
    "pk": 41,
    "fields": {
        "product": 39,
        "image": "product_image/2_2_4ljPHJ7.png"
    }
},
{
    "model": "products.image",
    "pk": 42,
    "fields": {
        "product": 42,
        "image": "product_image/af-1-1-mens-shoes-wr9kNq_2.png"
    }
},
{
    "model": "products.image",
    "pk": 43,
    "fields": {
        "product": 42,
        "image": "product_image/af-1-1-mens-shoes-wr9kNq.png"
    }
},
{
    "model": "products.image",
    "pk": 44,
    "fields": {
        "product": 42,
        "image": "product_image/af-1-1-mens-shoes-wr9kNq_1.png"
    }
},
{
    "model": "products.image",
    "pk": 45,
    "fields": {
        "product": 42,
        "image": "product_image/af-1-1-mens-shoes-wr9kNq_3.png"
    }
},
{
    "model": "products.image",
    "pk": 46,
    "fields": {
        "product": 40,
        "image": "product_image/acg-air-deschtz-sandals-Khb2Xc.png"
    }
},
{
    "model": "products.image",
    "pk": 47,
    "fields": {
        "product": 40,
        "image": "product_image/acg-air-deschtz-sandals-Khb2Xc_1.png"
    }
},
{
    "model": "products.image",
    "pk": 48,
    "fields": {
        "product": 40,
        "image": "product_image/acg-air-deschtz-sandals-Khb2Xc_2.png"
    }
},
{
    "model": "products.image",
    "pk": 49,
    "fields": {
        "product": 40,
        "image": "product_image/acg-air-deschtz-sandals-Khb2Xc_3.png"
    }
},
{
    "model": "products.image",
    "pk": 50,
    "fields": {
        "product": 41,
        "image": "product_image/air-force-1-crater-flyknit-mens-shoes-k3Jwmd.png"
    }
},
{
    "model": "products.image",
    "pk": 51,
    "fields": {
        "product": 41,
        "image": "product_image/air-force-1-crater-flyknit-mens-shoes-k3Jwmd_1.png"
    }
},
{
    "model": "products.image",
    "pk": 52,
    "fields": {
        "product": 41,
        "image": "product_image/air-force-1-crater-flyknit-mens-shoes-k3Jwmd_2.png"
    }
},
{
    "model": "products.image",
    "pk": 53,
    "fields": {
        "product": 41,
        "image": "product_image/air-force-1-crater-flyknit-mens-shoes-k3Jwmd_3.png"
    }
},
{
    "model": "products.image",
    "pk": 54,
    "fields": {
        "product": 44,
        "image": "product_image/air-vapormax-2021-fk-womens-shoe-1WB8SL.png"
    }
},
{
    "model": "products.image",
    "pk": 55,
    "fields": {
        "product": 45,
        "image": "product_image/air-vapormax-plus-womens-shoe-xbt7zf_1.png"
    }
},
{
    "model": "products.image",
    "pk": 56,
    "fields": {
        "product": 45,
        "image": "product_image/air-vapormax-plus-womens-shoe-xbt7zf_2.png"
    }
},
{
    "model": "products.image",
    "pk": 57,
    "fields": {
        "product": 45,
        "image": "product_image/air-vapormax-plus-womens-shoe-xbt7zf_3.png"
    }
},
{
    "model": "products.image",
    "pk": 58,
    "fields": {
        "product": 45,
        "image": "product_image/air-vapormax-plus-womens-shoe-xbt7zf.png"
    }
},
{
    "model": "products.image",
    "pk": 59,
    "fields": {
        "product": 44,
        "image": "product_image/air-vapormax-2021-fk-womens-shoe-1WB8SL_1.png"
    }
},
{
    "model": "products.image",
    "pk": 60,
    "fields": {
        "product": 44,
        "image": "product_image/air-vapormax-2021-fk-womens-shoe-1WB8SL_2.png"
    }
},
{
    "model": "products.image",
    "pk": 61,
    "fields": {
        "product": 44,
        "image": "product_image/air-vapormax-2021-fk-womens-shoe-1WB8SL_3.png"
    }
},
{
    "model": "products.review",
    "pk": 11,
    "fields": {
        "product": null,
        "comment": null,
        "rate": 4,
        "name": "Kamal Abdullayev",
        "email": "abdullayevk890@gmail.com",
        "message": "dfghjkl;jhgfxvzcvvhbjkl;",
        "is_published": false,
        "created_at": "2021-08-07T11:30:54.524Z",
        "updated_at": "2021-08-07T11:30:54.537Z"
    }
},
{
    "model": "products.review",
    "pk": 12,
    "fields": {
        "product": null,
        "comment": null,
        "rate": 4,
        "name": "dadasd",
        "email": "kamal@gmail.com",
        "message": "adsadknsadnklsndalnlsa dksa ld",
        "is_published": false,
        "created_at": "2021-08-07T15:30:53.715Z",
        "updated_at": "2021-08-07T15:30:53.726Z"
    }
},
{
    "model": "products.category",
    "pk": 1,
    "fields": {
        "category": null,
        "title": "Men Fashion",
        "title_en": "Men Fashion",
        "title_az": null,
        "title_tr": null,
        "image": "home_category_images/home_category_image3_IK3jzok.jpg",
        "is_published": true,
        "created_at": "2021-08-06T22:36:24.730Z",
        "updated_at": "2021-08-07T21:56:11.369Z",
        "products": []
    }
},
{
    "model": "products.category",
    "pk": 4,
    "fields": {
        "category": null,
        "title": "Women Fashion",
        "title_en": "Women Fashion",
        "title_az": null,
        "title_tr": null,
        "image": "IMG.JPG",
        "is_published": true,
        "created_at": "2021-08-07T15:02:04.806Z",
        "updated_at": "2021-08-07T21:59:55.651Z",
        "products": []
    }
},
{
    "model": "products.category",
    "pk": 5,
    "fields": {
        "category": 1,
        "title": "Shoes",
        "title_en": "Shoes",
        "title_az": null,
        "title_tr": null,
        "image": "home_category_images/home_category_image1.jpg",
        "is_published": true,
        "created_at": "2021-08-07T21:54:20.794Z",
        "updated_at": "2021-08-07T21:56:07.947Z",
        "products": []
    }
},
{
    "model": "products.category",
    "pk": 6,
    "fields": {
        "category": 5,
        "title": "Lifestyle",
        "title_en": "Lifestyle",
        "title_az": null,
        "title_tr": null,
        "image": "IMG.JPG",
        "is_published": true,
        "created_at": "2021-08-07T21:54:50.498Z",
        "updated_at": "2021-08-07T22:52:08.771Z",
        "products": [
            40,
            41,
            6
        ]
    }
},
{
    "model": "products.category",
    "pk": 7,
    "fields": {
        "category": 4,
        "title": "Shoes",
        "title_en": "Shoes",
        "title_az": null,
        "title_tr": null,
        "image": "IMG.JPG",
        "is_published": true,
        "created_at": "2021-08-07T21:59:34.815Z",
        "updated_at": "2021-08-07T21:59:59.708Z",
        "products": []
    }
},
{
    "model": "products.category",
    "pk": 8,
    "fields": {
        "category": 7,
        "title": "Lifestyle",
        "title_en": "Lifestyle",
        "title_az": null,
        "title_tr": null,
        "image": "IMG.JPG",
        "is_published": true,
        "created_at": "2021-08-07T21:59:49.050Z",
        "updated_at": "2021-08-07T22:35:25.745Z",
        "products": [
            42,
            44,
            45,
            39
        ]
    }
},
{
    "model": "products.color",
    "pk": 2,
    "fields": {
        "color": "red",
        "is_published": true
    }
},
{
    "model": "products.color",
    "pk": 3,
    "fields": {
        "color": "blue",
        "is_published": true
    }
},
{
    "model": "products.color",
    "pk": 4,
    "fields": {
        "color": "orange",
        "is_published": true
    }
},
{
    "model": "products.color",
    "pk": 5,
    "fields": {
        "color": "yellow",
        "is_published": true
    }
},
{
    "model": "products.color",
    "pk": 6,
    "fields": {
        "color": "brown",
        "is_published": true
    }
},
{
    "model": "products.color",
    "pk": 7,
    "fields": {
        "color": "black",
        "is_published": true
    }
},
{
    "model": "products.color",
    "pk": 8,
    "fields": {
        "color": "white",
        "is_published": true
    }
},
{
    "model": "products.color",
    "pk": 9,
    "fields": {
        "color": "pink",
        "is_published": true
    }
},
{
    "model": "products.sortby",
    "pk": 1,
    "fields": {
        "sortby": "NEW COLLECTION"
    }
},
{
    "model": "products.sortby",
    "pk": 2,
    "fields": {
        "sortby": "SPECIAL FOR TMART"
    }
},
{
    "model": "products.size",
    "pk": 1,
    "fields": {
        "size": "XS"
    }
},
{
    "model": "products.size",
    "pk": 2,
    "fields": {
        "size": "S"
    }
},
{
    "model": "products.size",
    "pk": 3,
    "fields": {
        "size": "M"
    }
},
{
    "model": "products.size",
    "pk": 4,
    "fields": {
        "size": "L"
    }
},
{
    "model": "products.size",
    "pk": 5,
    "fields": {
        "size": "XL"
    }
},
{
    "model": "products.size",
    "pk": 6,
    "fields": {
        "size": "XXL"
    }
},
{
    "model": "products.size",
    "pk": 7,
    "fields": {
        "size": "XXXL"
    }
},
{
    "model": "products.size",
    "pk": 8,
    "fields": {
        "size": "39"
    }
},
{
    "model": "products.size",
    "pk": 9,
    "fields": {
        "size": "40"
    }
},
{
    "model": "products.size",
    "pk": 10,
    "fields": {
        "size": "41"
    }
},
{
    "model": "products.size",
    "pk": 11,
    "fields": {
        "size": "42"
    }
},
{
    "model": "products.size",
    "pk": 12,
    "fields": {
        "size": "43"
    }
},
{
    "model": "products.size",
    "pk": 13,
    "fields": {
        "size": "44"
    }
},
{
    "model": "products.size",
    "pk": 14,
    "fields": {
        "size": "45"
    }
},
{
    "model": "products.size",
    "pk": 15,
    "fields": {
        "size": "M 4 / W 5.5"
    }
},
{
    "model": "products.size",
    "pk": 16,
    "fields": {
        "size": "M 5 / W 6.5"
    }
},
{
    "model": "products.size",
    "pk": 17,
    "fields": {
        "size": "M 6 / W 7.5"
    }
},
{
    "model": "products.size",
    "pk": 18,
    "fields": {
        "size": "M 7 / W 8.5"
    }
},
{
    "model": "products.size",
    "pk": 19,
    "fields": {
        "size": "M 8 / W 9.5"
    }
},
{
    "model": "products.size",
    "pk": 20,
    "fields": {
        "size": "M 9 / W 10.5"
    }
},
{
    "model": "products.size",
    "pk": 21,
    "fields": {
        "size": "M 10 / W 11.5"
    }
},
{
    "model": "products.size",
    "pk": 22,
    "fields": {
        "size": "M 11 / W 12.5"
    }
},
{
    "model": "products.size",
    "pk": 23,
    "fields": {
        "size": "M 12 / W 13.5"
    }
},
{
    "model": "products.size",
    "pk": 24,
    "fields": {
        "size": "M 13 / W 14.5"
    }
},
{
    "model": "products.size",
    "pk": 25,
    "fields": {
        "size": "M 14 / W 15.5"
    }
},
{
    "model": "products.size",
    "pk": 26,
    "fields": {
        "size": "36"
    }
},
{
    "model": "products.size",
    "pk": 27,
    "fields": {
        "size": "37"
    }
},
{
    "model": "products.size",
    "pk": 28,
    "fields": {
        "size": "38"
    }
},
{
    "model": "products.size",
    "pk": 29,
    "fields": {
        "size": "M 15 / W 16.5"
    }
},
{
    "model": "products.size",
    "pk": 30,
    "fields": {
        "size": "6"
    }
},
{
    "model": "products.size",
    "pk": 31,
    "fields": {
        "size": "6.5"
    }
},
{
    "model": "products.size",
    "pk": 32,
    "fields": {
        "size": "7"
    }
},
{
    "model": "products.size",
    "pk": 33,
    "fields": {
        "size": "7.5"
    }
},
{
    "model": "products.size",
    "pk": 34,
    "fields": {
        "size": "8"
    }
},
{
    "model": "products.size",
    "pk": 35,
    "fields": {
        "size": "8.5"
    }
},
{
    "model": "products.size",
    "pk": 36,
    "fields": {
        "size": "9"
    }
},
{
    "model": "products.size",
    "pk": 37,
    "fields": {
        "size": "9.5"
    }
},
{
    "model": "products.size",
    "pk": 38,
    "fields": {
        "size": "10"
    }
},
{
    "model": "products.size",
    "pk": 39,
    "fields": {
        "size": "10.5"
    }
},
{
    "model": "products.size",
    "pk": 40,
    "fields": {
        "size": "11"
    }
},
{
    "model": "products.size",
    "pk": 41,
    "fields": {
        "size": "11.5"
    }
},
{
    "model": "products.size",
    "pk": 42,
    "fields": {
        "size": "12"
    }
},
{
    "model": "products.size",
    "pk": 43,
    "fields": {
        "size": "12.5"
    }
},
{
    "model": "products.size",
    "pk": 44,
    "fields": {
        "size": "13"
    }
},
{
    "model": "products.size",
    "pk": 45,
    "fields": {
        "size": "14"
    }
},
{
    "model": "products.size",
    "pk": 46,
    "fields": {
        "size": "15"
    }
},
{
    "model": "products.size",
    "pk": 47,
    "fields": {
        "size": "16"
    }
},
{
    "model": "products.price",
    "pk": 1,
    "fields": {
        "price": "0.00$ - 50.00$"
    }
},
{
    "model": "products.price",
    "pk": 2,
    "fields": {
        "price": "50.00$ - 100.00$"
    }
},
{
    "model": "products.price",
    "pk": 3,
    "fields": {
        "price": "100.00$ - 200.00$"
    }
},
{
    "model": "products.price",
    "pk": 4,
    "fields": {
        "price": "200.00$ - 500.00$"
    }
},
{
    "model": "products.price",
    "pk": 5,
    "fields": {
        "price": "500.00$ - 1000.00$"
    }
},
{
    "model": "products.city",
    "pk": 1,
    "fields": {
        "city": "Baku"
    }
},
{
    "model": "blog.blog",
    "pk": 3,
    "fields": {
        "author": [
            "admin"
        ],
        "title": "Test Article 3",
        "slug": "test-article-3-3",
        "cover_image": "media/category_images/6_2mgmJPD.png",
        "description": "imply dummy text of the printing and typesetting industry. Lorem Ipsum has been the industry's standard dummy text ever since the 1500s, when an unknown printer took a galley of type and scrambled it to make a type specimen book. It has survived not only five centuries, but also the leap into electronic typesetting, remaining essentially unchanged. It was popularised in the 1960s with the release of Letraset sheets containing Lorem Ipsum passages, and more recently with desktop publishing softwa",
        "is_published": true,
        "created_at": "2021-08-07T12:24:09Z",
        "update_at": "2021-08-07T16:50:50.954Z",
        "category": [
            2
        ],
        "tags": [
            1,
            2,
            3,
            4
        ]
    }
},
{
    "model": "blog.blog",
    "pk": 5,
    "fields": {
        "author": [
            "admin"
        ],
        "title": "dsandkjas",
        "slug": "dsandkjas-5",
        "cover_image": "media/category_images/5.jpg",
        "description": "adsadsadasbdkjsabjdbsajdba",
        "is_published": true,
        "created_at": "2021-08-07T14:16:57Z",
        "update_at": "2021-08-07T16:59:17.893Z",
        "category": [
            2
        ],
        "tags": [
            1
        ]
    }
},
{
    "model": "blog.blog",
    "pk": 6,
    "fields": {
        "author": null,
        "title": "asda",
        "slug": "asda-6",
        "cover_image": "media/category_images/15_3qMkERX.png",
        "description": "dasdsa",
        "is_published": true,
        "created_at": "2021-08-07T17:08:36Z",
        "update_at": "2021-08-07T17:17:36.584Z",
        "category": [
            2,
            4
        ],
        "tags": [
            3
        ]
    }
},
{
    "model": "social_django.usersocialauth",
    "pk": 2,
    "fields": {
        "user": [
            "Kamal"
        ],
        "provider": "google-oauth2",
        "uid": "kamalabdu2layev@gmail.com",
        "extra_data": "{\"auth_time\": 1628348038, \"expires\": 3599, \"token_type\": \"Bearer\", \"access_token\": \"ya29.a0ARrdaM8GBRnGyThwiuIiQY9i9HrqHOb5mOeXf4EsahF7t0TlNlfXzzH8glRaiTU-sNkno7v5E4vu8whcAd3ayv2hOQ76NsDy9gvR3nbMvxpIejJ5HRQEJI1MHSpbuV1mObbrcK-jdpkxNhFvTlzRR2Ajaz9W\"}",
        "created": "2021-08-07T13:40:27.284Z",
        "modified": "2021-08-07T14:53:58.268Z"
    }
},
{
    "model": "social_django.usersocialauth",
    "pk": 3,
    "fields": {
        "user": [
            "Kamal"
        ],
        "provider": "facebook",
        "uid": "212631520746112",
        "extra_data": "{\"auth_time\": 1628345528, \"id\": \"212631520746112\", \"expires\": 5183999, \"granted_scopes\": [\"user_friends\", \"email\", \"public_profile\"], \"denied_scopes\": null, \"access_token\": \"EAADKoRmyymgBALpcU1T0ZBUFWfcPbPZBicQZC4ALV6vZAIueuZBL9E6xwLUgo54a07UvwPcfZAJXZAgl7yLYxKsSimZB4FShEZCZBhdc5qBpLYdWFWMkj3rzivOX0ZAwRG3pO1zropIfrIcqLlG0jgzRTq4DJUM9jGTFUunxTRqIVuaqAZDZD\", \"token_type\": null}",
        "created": "2021-08-07T14:12:08.362Z",
        "modified": "2021-08-07T14:12:08.370Z"
    }
}
]
